TS,TEMP,HUMIDITY
2015-03-05 22:34:54 ,17,85
2015-03-05 22:36:24 ,17,85
2015-03-05 22:36:34 ,17,85
2015-03-05 22:38:04 ,17,85
2015-03-05 22:38:14 ,17,85
2015-03-05 22:39:47 ,17,85
2015-03-05 22:39:57 ,17,85
2015-03-05 22:41:24 ,17,85
2015-03-05 22:41:34 ,17,85
2015-03-05 22:43:04 ,17,85
2015-03-05 22:43:14 ,17,85
2015-03-05 22:44:44 ,17,85
2015-03-05 22:44:54 ,17,85
2015-03-05 22:46:24 ,17,85
2015-03-05 22:46:34 ,17,85
2015-03-05 22:48:04 ,17,85
2015-03-05 22:48:14 ,17,85
2015-03-05 22:49:44 ,17,85
2015-03-05 22:49:54 ,17,85
2015-03-05 22:51:24 ,17,85
2015-03-05 22:51:34 ,17,85
2015-03-05 22:53:04 ,17,85
2015-03-05 22:53:14 ,17,85
2015-03-05 22:54:44 ,17,85
2015-03-05 22:54:54 ,17,85
2015-03-05 22:56:24 ,17,85
2015-03-05 22:56:34 ,17,85
2015-03-05 22:58:04 ,17,85
2015-03-05 22:58:14 ,17,85
2015-03-05 22:59:44 ,17,85
2015-03-05 22:59:54 ,17,85
2015-03-05 23:01:24 ,17,85
2015-03-05 23:01:34 ,17,85
2015-03-05 23:03:04 ,17,85
2015-03-05 23:03:14 ,17,85
2015-03-05 23:04:44 ,17,85
2015-03-05 23:04:54 ,17,85
2015-03-05 23:06:24 ,17,85
2015-03-05 23:06:34 ,17,85
2015-03-05 23:08:04 ,17,85
2015-03-05 23:08:14 ,17,85
2015-03-05 23:09:45 ,17,85
2015-03-05 23:09:55 ,17,85
2015-03-05 23:11:24 ,17,85
2015-03-05 23:11:34 ,17,85
2015-03-05 23:13:04 ,17,85
2015-03-05 23:13:14 ,17,85
2015-03-05 23:14:44 ,17,85
2015-03-05 23:14:54 ,17,85
2015-03-05 23:16:24 ,17,85
2015-03-05 23:16:34 ,17,85
2015-03-05 23:18:04 ,17,85
2015-03-05 23:18:14 ,17,85
2015-03-05 23:19:44 ,17,85
2015-03-05 23:19:54 ,17,85
2015-03-05 23:21:24 ,17,85
2015-03-05 23:21:34 ,17,85
2015-03-05 23:23:04 ,17,85
2015-03-05 23:23:14 ,17,85
2015-03-05 23:24:44 ,17,85
2015-03-05 23:24:54 ,17,85
2015-03-05 23:26:24 ,17,85
2015-03-05 23:26:34 ,17,85
2015-03-05 23:28:04 ,17,85
2015-03-05 23:28:14 ,17,85
2015-03-05 23:29:44 ,17,85
2015-03-05 23:29:54 ,17,85
2015-03-05 23:31:24 ,17,85
2015-03-05 23:31:34 ,17,85
2015-03-05 23:33:04 ,17,85
2015-03-05 23:33:14 ,17,85
2015-03-05 23:34:44 ,17,85
2015-03-05 23:34:54 ,17,85
2015-03-05 23:36:24 ,17,85
2015-03-05 23:36:34 ,17,85
2015-03-05 23:38:04 ,17,85
2015-03-05 23:38:14 ,17,85
2015-03-05 23:39:44 ,17,85
2015-03-05 23:39:54 ,17,85
2015-03-05 23:41:24 ,17,85
2015-03-05 23:41:34 ,17,85
2015-03-05 23:43:04 ,17,85
2015-03-05 23:43:14 ,17,85
2015-03-05 23:44:44 ,17,85
2015-03-05 23:44:54 ,17,85
2015-03-05 23:46:24 ,17,85
2015-03-05 23:46:34 ,17,85
2015-03-05 23:48:04 ,17,85
2015-03-05 23:48:14 ,17,85
2015-03-05 23:49:44 ,17,85
2015-03-05 23:49:54 ,17,85
2015-03-05 23:51:24 ,17,85
2015-03-05 23:51:34 ,17,85
2015-03-05 23:53:04 ,17,85
2015-03-05 23:53:14 ,17,85
2015-03-05 23:54:44 ,17,85
2015-03-05 23:54:54 ,17,85
2015-03-05 23:56:24 ,17,85
2015-03-05 23:56:34 ,17,85
2015-03-05 23:58:04 ,17,85
2015-03-05 23:58:14 ,17,85
2015-03-05 23:59:44 ,17,85
2015-03-05 23:59:54 ,17,85
2015-03-06 00:01:24 ,17,85
2015-03-06 00:01:34 ,17,85
2015-03-06 00:03:04 ,17,85
2015-03-06 00:03:14 ,17,85
2015-03-06 00:04:44 ,17,85
2015-03-06 00:04:54 ,17,85
2015-03-06 00:06:24 ,17,85
2015-03-06 00:06:34 ,17,85
2015-03-06 00:08:04 ,17,85
2015-03-06 00:08:14 ,17,85
2015-03-06 00:09:44 ,17,85
2015-03-06 00:09:54 ,17,85
2015-03-06 00:11:24 ,17,85
2015-03-06 00:11:34 ,17,85
2015-03-06 00:13:04 ,17,85
2015-03-06 00:13:14 ,17,85
2015-03-06 00:14:44 ,17,85
2015-03-06 00:14:54 ,17,85
2015-03-06 00:16:25 ,17,85
2015-03-06 00:16:35 ,17,85
2015-03-06 00:18:04 ,17,85
2015-03-06 00:18:14 ,17,85
2015-03-06 00:19:45 ,17,85
2015-03-06 00:19:55 ,17,85
2015-03-06 00:21:24 ,17,85
2015-03-06 00:21:34 ,17,85
2015-03-06 00:23:04 ,17,85
2015-03-06 00:23:14 ,17,85
2015-03-06 00:24:44 ,17,85
2015-03-06 00:24:54 ,17,85
2015-03-06 00:26:24 ,17,85
2015-03-06 00:26:34 ,17,85
2015-03-06 00:28:04 ,17,85
2015-03-06 00:28:14 ,17,85
2015-03-06 00:29:44 ,17,85
2015-03-06 00:29:54 ,17,85
2015-03-06 00:31:24 ,17,85
2015-03-06 00:31:34 ,17,85
2015-03-06 00:33:04 ,17,85
2015-03-06 00:33:14 ,17,85
2015-03-06 00:34:44 ,17,85
2015-03-06 00:34:54 ,17,85
2015-03-06 00:36:24 ,17,85
2015-03-06 00:36:34 ,17,85
2015-03-06 00:36:56 ,17,85
2015-03-06 00:37:06 ,17,85
2015-03-06 00:38:34 ,17,85
2015-03-06 00:38:44 ,17,85
2015-03-06 00:40:14 ,17,85
2015-03-06 00:40:24 ,17,85
2015-03-06 00:41:54 ,17,85
2015-03-06 00:42:04 ,17,85
2015-03-06 00:43:34 ,17,85
2015-03-06 00:43:44 ,17,85
2015-03-06 00:45:14 ,17,85
2015-03-06 00:45:24 ,17,85
2015-03-06 00:46:54 ,17,85
2015-03-06 00:47:04 ,17,85
2015-03-06 00:48:34 ,17,85
2015-03-06 00:48:44 ,17,85
2015-03-06 00:50:14 ,17,85
2015-03-06 00:50:24 ,17,85
2015-03-06 00:51:54 ,17,85
2015-03-06 00:52:04 ,17,85
2015-03-06 00:53:34 ,17,85
2015-03-06 00:53:44 ,17,85
2015-03-06 00:55:14 ,17,85
2015-03-06 00:55:24 ,17,85
2015-03-06 00:56:54 ,17,85
2015-03-06 00:57:04 ,17,85
2015-03-06 00:58:34 ,17,85
2015-03-06 00:58:44 ,17,85
2015-03-06 01:00:14 ,17,85
2015-03-06 01:00:24 ,17,85
2015-03-06 01:01:54 ,17,85
2015-03-06 01:02:04 ,17,85
2015-03-06 01:03:34 ,17,85
2015-03-06 01:03:44 ,17,85
2015-03-06 01:05:14 ,17,85
2015-03-06 01:05:24 ,17,85
2015-03-06 01:06:56 ,17,85
2015-03-06 01:07:06 ,17,85
2015-03-06 01:08:34 ,17,85
2015-03-06 01:08:44 ,17,85
2015-03-06 01:10:14 ,17,85
2015-03-06 01:10:24 ,17,85
2015-03-06 01:11:54 ,17,85
2015-03-06 01:12:04 ,17,85
2015-03-06 01:13:34 ,17,85
2015-03-06 01:13:44 ,17,85
2015-03-06 01:15:14 ,17,85
2015-03-06 01:15:24 ,17,85
2015-03-06 01:16:54 ,17,85
2015-03-06 01:17:04 ,17,85
2015-03-06 01:18:34 ,17,85
2015-03-06 01:18:44 ,17,85
2015-03-06 01:20:14 ,17,85
2015-03-06 01:20:24 ,17,85
2015-03-06 01:21:54 ,17,85
2015-03-06 01:22:04 ,17,85
2015-03-06 01:23:34 ,17,85
2015-03-06 01:23:44 ,17,85
2015-03-06 01:25:14 ,17,85
2015-03-06 01:25:24 ,17,85
2015-03-06 01:26:54 ,17,85
2015-03-06 01:27:04 ,17,85
2015-03-06 01:28:34 ,17,85
2015-03-06 01:28:44 ,17,85
2015-03-06 01:30:14 ,17,85
2015-03-06 01:30:24 ,17,85
2015-03-06 01:31:54 ,17,85
2015-03-06 01:32:04 ,17,85
2015-03-06 01:33:34 ,17,85
2015-03-06 01:33:44 ,17,85
2015-03-06 01:35:14 ,17,85
2015-03-06 01:35:24 ,17,85
2015-03-06 01:36:54 ,17,85
2015-03-06 01:37:04 ,17,85
2015-03-06 01:38:34 ,17,85
2015-03-06 01:38:44 ,17,85
2015-03-06 01:40:14 ,17,85
2015-03-06 01:40:24 ,17,85
2015-03-06 01:41:54 ,17,85
2015-03-06 01:42:04 ,17,85
2015-03-06 01:43:34 ,17,85
2015-03-06 01:43:44 ,17,85
2015-03-06 01:45:14 ,17,85
2015-03-06 01:45:24 ,17,85
2015-03-06 01:46:54 ,17,85
2015-03-06 01:47:04 ,17,85
2015-03-06 01:48:35 ,17,85
2015-03-06 01:48:45 ,17,85
2015-03-06 01:50:31 ,17,85
2015-03-06 01:50:41 ,17,85
2015-03-06 01:50:48 ,17,85
2015-03-06 01:50:58 ,17,85
2015-03-06 01:52:25 ,17,85
2015-03-06 01:52:36 ,17,85
2015-03-06 02:05:56 ,17,85
2015-03-06 02:06:06 ,17,85
2015-03-06 02:07:34 ,17,85
2015-03-06 02:07:45 ,17,85
2015-03-06 02:07:52 ,17,85
2015-03-06 02:08:02 ,17,85
2015-03-11 17:03:15 ,15,79
2015-03-11 17:03:25 ,15,79
2015-03-11 17:03:27 ,15,88
2015-03-11 17:03:37 ,15,88
2015-03-11 17:03:37 ,15,88
2015-03-11 17:03:47 ,15,88
2015-03-11 17:03:47 ,15,88
2015-03-11 17:03:57 ,15,88
2015-03-11 17:03:59 ,15,88
2015-03-11 17:04:09 ,15,88
2015-03-11 17:04:10 ,15,88
2015-03-11 17:04:20 ,15,88
2015-03-11 17:04:22 ,15,88
2015-03-11 17:04:32 ,15,88
2015-03-11 17:04:34 ,15,88
2015-03-11 17:04:44 ,15,88
2015-03-11 17:04:44 ,15,88
2015-03-11 17:04:54 ,15,88
2015-03-11 17:04:56 ,15,88
2015-03-11 17:05:06 ,15,88
2015-03-11 17:05:08 ,15,88
2015-03-11 17:05:18 ,15,88
2015-03-11 17:05:18 ,15,88
2015-03-11 17:05:28 ,15,88
2015-03-11 17:05:30 ,15,88
2015-03-11 17:05:40 ,15,88
2015-03-11 17:05:40 ,15,88
2015-03-11 17:05:50 ,15,88
2015-03-11 17:05:51 ,15,88
2015-03-11 17:06:01 ,15,88
2015-03-11 17:06:01 ,15,88
2015-03-11 17:06:11 ,15,88
2015-03-11 17:06:13 ,15,88
2015-03-11 17:06:23 ,15,88
2015-03-11 17:06:23 ,15,88
2015-03-11 17:06:33 ,15,88
2015-03-11 17:06:34 ,15,88
2015-03-11 17:06:44 ,15,88
2015-03-11 17:06:45 ,15,88
2015-03-11 17:06:55 ,15,88
2015-03-11 17:06:57 ,15,88
2015-03-11 17:07:07 ,15,88
2015-03-11 17:07:07 ,15,88
2015-03-11 17:07:17 ,15,88
2015-03-11 17:07:18 ,15,88
2015-03-11 17:07:28 ,15,88
2015-03-11 17:07:30 ,15,88
2015-03-11 17:07:40 ,15,88
2015-03-11 17:07:42 ,15,88
2015-03-11 17:07:52 ,15,88
2015-03-11 17:07:53 ,15,88
2015-03-11 17:08:03 ,15,88
2015-03-11 17:08:05 ,15,88
2015-03-11 17:08:15 ,15,88
2015-03-11 17:08:16 ,15,88
2015-03-11 17:08:26 ,15,88
2015-03-11 17:08:28 ,15,88
2015-03-11 17:08:38 ,15,88
2015-03-11 17:08:39 ,15,88
2015-03-11 17:08:49 ,15,88
2015-03-11 17:08:49 ,15,88
2015-03-11 17:08:59 ,15,88
2015-03-11 17:10:35 ,15,88
2015-03-11 17:10:45 ,15,88
2015-03-11 17:11:46 ,15,88
2015-03-11 17:11:56 ,15,88
2015-03-13 17:17:18 ,18,75
2015-03-13 17:17:28 ,18,75
2015-03-13 17:17:28 ,18,75
2015-03-13 17:17:38 ,18,75
2015-03-13 17:17:40 ,38,75
2015-03-13 17:17:50 ,38,75
2015-03-13 17:17:52 ,38,60
2015-03-13 17:18:02 ,38,60
2015-03-13 17:18:02 ,38,60
2015-03-13 17:18:12 ,38,60
2015-03-13 17:18:14 ,38,60
2015-03-13 17:18:24 ,38,60
2015-03-13 17:18:24 ,38,60
2015-03-13 17:18:34 ,38,60
2015-03-13 17:18:36 ,38,60
2015-03-13 17:18:46 ,38,60
2015-03-13 17:18:48 ,38,60
2015-03-13 17:18:58 ,38,60
2015-03-13 17:18:58 ,38,60
2015-03-13 17:19:08 ,38,60
2015-03-13 17:19:09 ,38,60
2015-03-13 17:19:19 ,38,60
2015-03-13 17:19:21 ,38,60
2015-03-13 17:19:31 ,38,60
2015-03-13 17:19:33 ,38,60
2015-03-13 17:19:43 ,38,60
2015-03-13 17:19:45 ,38,60
2015-03-13 17:19:55 ,38,60
2015-03-13 17:19:56 ,38,60
2015-03-13 17:20:06 ,38,60
2015-03-13 17:20:08 ,38,60
2015-03-13 17:20:18 ,38,60
2015-03-13 17:20:20 ,38,60
2015-03-13 17:20:30 ,38,60
2015-03-13 17:20:31 ,38,60
2015-03-13 17:20:41 ,38,60
2015-03-13 17:20:43 ,38,60
2015-03-13 17:20:53 ,38,60
2015-03-13 17:20:53 ,38,60
2015-03-13 17:21:03 ,38,60
2015-03-13 17:21:04 ,38,60
2015-03-13 17:21:14 ,38,60
2015-03-13 17:21:16 ,38,60
2015-03-13 17:21:26 ,38,60
2015-03-13 17:21:28 ,38,60
2015-03-13 17:21:34 ,38,60
2015-03-13 17:21:44 ,38,60
2015-03-13 17:21:46 ,38,60
2015-03-13 17:21:56 ,38,60
2015-03-13 17:21:58 ,35,60
2015-03-17 23:42:10 ,15,79
2015-03-17 23:42:20 ,15,79
2015-03-17 23:42:22 ,15,93
2015-03-17 23:42:32 ,15,93
2015-03-17 23:42:32 ,15,93
2015-03-17 23:42:42 ,15,93
2015-03-17 23:42:42 ,15,93
2015-03-17 23:42:52 ,15,93
2015-03-17 23:42:53 ,15,93
2015-03-17 23:43:03 ,15,93
2015-03-17 23:43:19 ,15,93
2015-03-17 23:43:29 ,15,93
2015-03-17 23:43:39 ,15,93
2015-03-17 23:43:49 ,15,93
2015-03-17 23:43:51 ,15,93
2015-03-17 23:44:01 ,15,93
2015-03-17 23:44:03 ,15,93
2015-03-17 23:44:13 ,15,93
2015-03-17 23:44:13 ,15,93
2015-03-17 23:44:23 ,15,93
2015-03-17 23:44:25 ,15,93
2015-03-17 23:44:35 ,15,93
2015-03-17 23:44:36 ,15,93
2015-03-17 23:44:46 ,15,93
2015-03-17 23:44:47 ,15,93
2015-03-17 23:44:57 ,15,93
2015-03-17 23:44:58 ,15,93
2015-03-17 23:45:08 ,15,93
2015-03-17 23:45:10 ,15,93
2015-03-17 23:45:20 ,15,93
2015-03-17 23:45:23 ,15,93
2015-03-17 23:45:33 ,15,93
2015-03-17 23:45:34 ,15,93
2015-03-17 23:45:44 ,15,93
2015-03-17 23:45:46 ,15,93
2015-03-17 23:45:56 ,15,93
2015-03-17 23:45:58 ,15,93
2015-03-17 23:46:08 ,15,93
2015-03-17 23:46:11 ,15,93
2015-03-17 23:46:21 ,15,93
2015-03-17 23:46:22 ,15,93
2015-03-17 23:46:32 ,15,93
2015-03-17 23:46:34 ,15,93
2015-03-17 23:46:44 ,15,93
2015-03-17 23:46:46 ,15,93
2015-03-17 23:46:56 ,15,93
2015-03-17 23:46:57 ,15,93
2015-03-17 23:47:07 ,15,93
2015-03-17 23:47:09 ,15,93
2015-03-17 23:47:19 ,15,93
2015-03-17 23:47:22 ,15,93
2015-03-17 23:47:32 ,15,93
2015-03-17 23:47:34 ,15,93
2015-03-17 23:47:44 ,15,93
2015-03-17 23:47:46 ,15,93
2015-03-17 23:47:56 ,15,93
2015-03-17 23:47:56 ,15,93
2015-03-17 23:48:06 ,15,93
2015-03-17 23:48:06 ,15,93
2015-03-17 23:48:16 ,15,93
2015-03-17 23:48:18 ,15,93
2015-03-17 23:48:28 ,15,93
2015-03-17 23:50:02 ,15,93
2015-03-17 23:50:12 ,15,93
2015-03-17 23:51:42 ,15,93
2015-03-17 23:51:52 ,15,93
2015-03-17 23:53:22 ,15,93
2015-03-17 23:53:32 ,15,93
2015-03-17 23:55:01 ,15,93
2015-03-17 23:55:11 ,15,93
2015-03-17 23:56:42 ,15,93
2015-03-17 23:56:52 ,15,93
2015-03-17 23:58:22 ,15,93
2015-03-17 23:58:32 ,15,93
2015-03-18 00:00:02 ,15,93
2015-03-18 00:00:12 ,15,93
2015-03-18 00:01:42 ,15,93
2015-03-18 00:01:52 ,15,93
2015-03-18 00:03:22 ,15,93
2015-03-18 00:03:32 ,15,93
2015-03-18 00:05:01 ,15,93
2015-03-18 00:05:11 ,15,93
2015-03-18 00:06:42 ,15,93
2015-03-18 00:06:52 ,15,93
2015-03-18 00:08:22 ,15,93
2015-03-18 00:08:32 ,15,93
2015-03-18 00:10:02 ,15,93
2015-03-18 00:10:12 ,15,93
2015-03-18 00:11:42 ,15,93
2015-03-18 00:11:52 ,15,93
2015-03-18 00:12:23 ,15,93
2015-03-18 00:12:33 ,15,93
2015-03-20 16:56:49 ,17,77
2015-03-20 16:56:59 ,17,77
2015-03-20 16:57:01 ,20,77
2015-03-20 16:57:11 ,20,77
2015-03-20 16:57:11 ,20,77
2015-03-20 16:57:21 ,20,77
2015-03-20 16:57:21 ,20,77
2015-03-20 16:57:31 ,20,77
2015-03-20 16:57:31 ,20,77
2015-03-20 16:57:41 ,20,77
2015-03-20 16:57:41 ,20,77
2015-03-20 16:57:51 ,20,77
2015-03-20 16:57:53 ,20,77
2015-03-20 16:58:03 ,20,77
2015-03-20 16:58:03 ,20,77
2015-03-20 16:58:13 ,20,77
2015-03-20 16:58:14 ,20,77
2015-03-20 16:58:24 ,20,77
2015-03-20 16:58:26 ,20,77
2015-03-20 16:58:36 ,20,77
2015-03-20 16:58:38 ,20,77
2015-03-20 16:58:48 ,20,77
2015-03-20 16:58:50 ,20,77
2015-03-20 16:59:00 ,20,77
2015-03-20 16:59:02 ,20,77
2015-03-20 16:59:12 ,20,77
2015-03-20 16:59:14 ,20,77
2015-03-20 16:59:24 ,20,77
2015-03-20 16:59:26 ,20,77
2015-03-20 16:59:36 ,20,77
2015-03-20 16:59:38 ,20,77
2015-03-20 16:59:48 ,20,77
2015-03-20 16:59:50 ,20,77
2015-03-20 17:00:00 ,20,77
2015-03-20 17:00:01 ,20,77
2015-03-20 17:00:11 ,20,77
2015-03-20 17:00:11 ,20,77
2015-03-20 17:00:21 ,20,77
2015-03-20 17:00:23 ,20,77
2015-03-20 17:00:33 ,20,77
2015-03-20 17:00:33 ,20,77
2015-03-20 17:00:43 ,20,77
2015-03-20 17:00:44 ,20,77
2015-03-20 17:00:54 ,20,77
2015-03-20 17:00:55 ,20,77
2015-03-20 17:01:05 ,20,77
2015-03-20 17:01:06 ,20,77
2015-03-20 17:01:16 ,20,77
2015-03-20 17:01:18 ,20,77
2015-03-20 17:01:28 ,20,77
2015-03-20 17:01:30 ,20,77
2015-03-20 17:01:40 ,20,77
2015-03-20 17:01:41 ,20,77
2015-03-20 17:01:51 ,20,77
2015-03-20 17:01:51 ,20,77
2015-03-20 17:02:01 ,20,77
2015-03-20 17:02:03 ,20,77
2015-03-20 17:02:13 ,20,77
2015-03-20 17:02:15 ,20,77
2015-03-20 17:02:25 ,20,77
2015-03-20 17:02:27 ,20,77
2015-03-20 17:02:37 ,20,77
2015-03-20 17:02:37 ,20,77
2015-03-20 17:02:47 ,20,77
2015-03-20 17:02:49 ,20,77
2015-03-20 17:02:59 ,20,77
2015-03-20 17:03:01 ,20,77
2015-03-20 17:03:11 ,20,77
2015-03-23 18:32:45 ,17,78
2015-03-23 18:32:55 ,17,78
2015-03-23 18:32:57 ,25,78
2015-03-23 18:33:07 ,25,78
2015-03-23 18:33:07 ,25,85
2015-03-23 18:33:17 ,25,85
2015-03-23 18:33:17 ,25,85
2015-03-23 18:33:27 ,25,85
2015-03-23 18:33:28 ,25,85
2015-03-23 18:33:38 ,25,85
2015-03-23 18:33:38 ,25,85
2015-03-23 18:33:48 ,25,85
2015-03-23 18:33:49 ,25,85
2015-03-23 18:33:59 ,25,85
2015-03-23 18:34:00 ,25,85
2015-03-23 18:34:10 ,25,85
2015-03-23 18:34:11 ,25,85
2015-03-23 18:34:21 ,25,85
2015-03-23 18:34:21 ,25,85
2015-04-15 20:36:52 ,18,77
2015-04-15 20:37:02 ,18,77
2015-04-15 20:37:04 ,18,77
2015-04-15 20:37:14 ,18,77
2015-04-15 20:37:14 ,30,77
2015-04-15 20:37:24 ,30,77
2015-04-15 20:37:24 ,30,85
2015-04-15 20:37:34 ,30,85
2015-04-15 20:37:36 ,30,85
2015-04-15 20:37:46 ,30,85
2015-04-15 20:37:46 ,30,85
2015-04-15 20:37:56 ,30,85
2015-04-15 20:37:57 ,30,85
2015-04-15 20:38:07 ,30,85
2015-04-15 20:38:07 ,30,85
2015-04-15 20:38:17 ,30,85
2015-04-15 20:38:19 ,30,85
2015-04-15 20:38:29 ,30,85
2015-04-15 20:38:31 ,30,85
2015-04-15 20:38:41 ,30,85
2015-04-15 20:38:41 ,30,85
2015-04-15 20:38:51 ,30,85
2015-04-15 20:38:51 ,30,85
2015-04-15 20:39:01 ,30,85
2015-04-15 20:39:03 ,30,85
2015-04-15 20:39:13 ,30,85
2015-04-15 20:39:15 ,30,85
2015-04-15 20:39:25 ,30,85
2015-04-16 17:14:15 ,15,76
2015-04-16 17:14:25 ,15,76
2015-04-16 17:14:27 ,15,76
2015-04-16 17:14:37 ,15,76
2015-04-16 17:14:38 ,50,76
2015-04-16 17:14:48 ,50,76
2015-04-16 17:14:48 ,49,76
2015-04-16 17:14:58 ,49,76
2015-04-16 17:14:59 ,20,76
2015-04-16 17:15:09 ,20,76
2015-02-21 18:25:44 ,18,92
2015-02-21 18:25:54 ,18,92
2015-02-21 18:27:24 ,18,92
2015-02-21 18:27:34 ,18,92
2015-02-21 18:29:04 ,18,92
2015-02-21 18:29:14 ,18,92
2015-02-21 18:30:33 ,18,92
2015-02-21 18:30:43 ,18,92
2015-02-21 18:30:43 ,2,92
2015-02-21 18:30:53 ,2,92
2015-02-21 18:30:53 ,2,92
2015-02-21 18:31:03 ,2,92
2015-02-21 18:31:03 ,2,92
2015-02-21 18:31:13 ,2,92
2015-02-21 18:31:15 ,2,92
2015-02-21 18:31:25 ,2,92
2015-02-21 18:31:25 ,2,92
2015-02-21 18:37:59 ,17,92
2015-02-21 18:38:09 ,17,92
2015-02-21 18:38:09 ,17,92
2015-02-21 18:38:19 ,17,92
2015-02-21 18:38:19 ,17,92
2015-02-21 18:38:29 ,17,92
2015-02-21 18:38:31 ,17,92
2015-02-21 18:38:41 ,17,92
2015-02-21 18:38:43 ,17,92
2015-02-21 18:38:53 ,17,92
2015-02-21 18:38:55 ,17,92
2015-02-21 18:39:05 ,17,92
2015-02-21 18:39:05 ,17,92
2015-02-21 18:39:15 ,17,92
2015-02-21 18:39:17 ,17,92
2015-02-21 18:39:27 ,17,92
2015-02-21 18:40:55 ,17,92
2015-02-21 18:41:05 ,17,92
2015-02-21 18:42:34 ,17,92
2015-02-21 18:42:44 ,17,92
2015-02-21 18:44:14 ,17,92
2015-02-21 18:44:24 ,17,92
2015-02-21 18:45:54 ,17,92
2015-02-21 18:46:04 ,17,92
2015-02-21 18:46:41 ,17,92
2015-02-21 18:46:51 ,17,92
2015-02-22 02:41:28 ,26,79
2015-02-23 22:00:24 ,18,78
2015-02-23 23:23:44 ,23,76
2015-02-23 23:23:54 ,23,76
2015-02-23 23:23:56 ,23,76
2015-02-23 23:24:06 ,23,76
2015-02-23 23:24:06 ,23,76
2015-02-23 23:24:16 ,23,76
2015-02-23 23:24:18 ,23,76
2015-02-23 23:24:26 ,23,76
2015-02-24 01:00:46 ,15,79
2015-02-24 01:00:56 ,15,79
2015-02-24 01:00:57 ,15,79
2015-02-24 01:01:07 ,15,79
2015-02-24 01:01:09 ,15,60
2015-02-24 01:01:19 ,15,60
2015-02-24 01:01:19 ,23,60
2015-02-24 01:01:29 ,23,60
2015-02-24 01:01:31 ,26,60
2015-02-24 01:01:41 ,26,60
2015-02-24 01:01:43 ,26,60
2015-02-24 01:01:53 ,26,60
2015-02-24 01:01:54 ,26,60
2015-02-24 01:02:04 ,26,60
2015-02-24 01:02:04 ,26,60
2015-02-24 01:02:14 ,26,60
2015-02-24 01:02:16 ,26,60
2015-02-24 01:02:26 ,26,60
2015-02-24 01:02:28 ,26,60
2015-02-24 01:02:38 ,26,60
2015-02-24 01:02:40 ,26,60
2015-02-24 01:02:50 ,26,60
2015-02-24 01:02:51 ,26,60
2015-02-24 01:03:01 ,26,60
2015-02-24 01:03:03 ,26,60
2015-02-24 01:03:13 ,26,60
2015-02-24 01:03:14 ,26,60
2015-02-24 01:03:24 ,26,60
2015-02-24 01:03:26 ,26,60
2015-02-24 01:03:36 ,26,60
2015-02-24 01:03:36 ,26,60
2015-02-24 01:03:46 ,26,60
2015-02-24 01:03:46 ,26,60
2015-02-24 01:03:56 ,26,60
2015-02-24 01:03:58 ,26,60
2015-02-24 01:04:08 ,26,60
2015-02-24 01:04:08 ,26,60
2015-02-24 01:04:18 ,26,60
2015-02-24 01:04:20 ,26,60
2015-02-24 01:04:30 ,26,60
2015-02-24 01:04:30 ,26,60
2015-02-24 01:04:40 ,26,60
2015-02-24 01:04:41 ,26,60
2015-02-24 01:04:51 ,26,60
2015-02-24 01:04:52 ,26,60
2015-02-24 01:05:02 ,26,60
2015-02-24 01:05:03 ,26,60
2015-02-24 01:05:13 ,26,60
2015-02-24 01:05:15 ,26,60
2015-02-24 01:05:25 ,26,60
2015-02-24 01:05:25 ,26,60
2015-02-24 01:05:35 ,26,60
2015-02-24 01:05:37 ,26,60
2015-02-24 01:05:47 ,26,60
2015-02-24 01:05:49 ,26,60
2015-02-24 01:05:59 ,26,60
2015-02-24 01:06:00 ,26,60
2015-02-24 01:06:10 ,26,60
2015-02-24 01:06:11 ,26,60
2015-02-24 01:06:21 ,26,60
2015-02-24 01:06:23 ,26,60
2015-02-24 01:06:33 ,26,60
2015-02-24 01:06:33 ,26,60
2015-02-24 01:06:43 ,26,60
2015-02-24 01:06:45 ,26,60
2015-02-24 01:06:55 ,26,60
2015-02-24 01:08:25 ,26,60
2015-02-24 01:08:35 ,26,60
2015-02-24 01:10:06 ,26,60
2015-02-24 01:10:16 ,26,60
2015-02-24 01:11:45 ,26,60
2015-02-24 01:11:55 ,26,60
2015-02-24 01:13:25 ,26,60
2015-02-24 01:13:35 ,26,60
2015-02-24 01:14:35 ,26,60
2015-02-24 01:14:45 ,26,60
2015-02-24 18:56:35 ,17,76
2015-02-24 18:56:45 ,17,76
2015-02-24 18:56:45 ,17,76
2015-02-24 18:56:55 ,17,76
2015-02-24 18:56:55 ,17,84
2015-02-24 18:57:05 ,17,84
2015-02-24 18:57:07 ,23,85
2015-02-24 18:57:17 ,23,85
2015-02-24 18:57:17 ,23,85
2015-02-24 18:57:27 ,23,85
2015-02-24 18:57:29 ,23,85
2015-02-24 18:57:39 ,23,85
2015-02-24 18:57:40 ,23,85
2015-02-24 18:57:50 ,23,85
2015-02-24 18:57:50 ,23,85
2015-02-24 18:58:00 ,23,85
2015-02-24 18:58:02 ,23,85
2015-02-24 18:58:12 ,23,85
2015-02-24 18:58:14 ,23,85
2015-02-24 18:58:24 ,23,85
2015-02-24 18:58:26 ,23,85
2015-02-24 18:58:36 ,23,85
2015-02-24 18:58:38 ,23,85
2015-02-24 18:58:48 ,23,85
2015-02-24 18:58:50 ,23,85
2015-02-24 18:59:00 ,23,85
2015-02-24 18:59:02 ,23,85
2015-02-24 18:59:12 ,23,85
2015-02-24 18:59:12 ,23,85
2015-02-24 18:59:22 ,23,85
2015-02-24 18:59:24 ,23,85
2015-02-24 18:59:34 ,23,85
2015-02-24 18:59:34 ,23,85
2015-02-24 18:59:44 ,23,85
2015-02-24 18:59:46 ,39,85
2015-02-24 18:59:56 ,39,85
2015-02-24 18:59:58 ,39,85
2015-02-24 19:00:08 ,39,85
2015-02-24 19:00:09 ,39,85
2015-02-24 19:00:19 ,39,85
2015-02-24 19:00:21 ,39,85
2015-02-24 19:00:31 ,39,85
2015-02-24 19:00:31 ,39,85
2015-02-24 19:00:41 ,39,85
2015-02-24 19:00:41 ,39,85
2015-02-24 19:00:51 ,39,85
2015-02-24 19:00:53 ,39,85
2015-02-24 19:01:03 ,39,85
2015-02-24 19:01:05 ,39,85
2015-02-24 19:01:15 ,39,85
2015-02-24 19:01:17 ,39,85
2015-02-24 19:01:27 ,39,85
2015-02-24 19:01:29 ,39,85
2015-02-24 19:01:39 ,39,85
2015-02-24 19:01:41 ,39,85
2015-02-24 19:01:51 ,39,85
2015-02-24 19:01:52 ,39,85
2015-02-24 19:02:02 ,39,85
2015-02-24 19:02:02 ,39,85
2015-02-24 19:02:12 ,39,85
2015-02-24 19:02:14 ,39,85
2015-02-24 19:02:24 ,39,85
2015-02-24 19:02:24 ,39,85
2015-02-24 19:02:34 ,39,85
2015-02-24 19:02:36 ,39,85
2015-02-24 19:02:46 ,39,85
2015-02-24 19:02:46 ,39,85
2015-02-24 19:02:56 ,39,85
2015-02-24 19:02:58 ,39,85
2015-02-24 19:03:08 ,39,85
2015-02-24 19:03:10 ,39,85
2015-02-24 19:03:20 ,39,85
2015-02-24 19:03:21 ,39,85
2015-02-24 19:03:31 ,39,85
2015-02-24 19:03:33 ,39,85
2015-02-24 19:03:43 ,39,85
2015-02-24 19:03:45 ,39,85
2015-02-24 19:03:55 ,39,85
2015-02-24 19:03:57 ,39,85
2015-02-24 19:04:07 ,39,85
2015-02-24 19:04:09 ,39,85
2015-02-24 19:04:19 ,39,85
2015-02-24 19:04:21 ,39,85
2015-02-24 19:04:31 ,39,85
2015-02-24 19:04:32 ,39,85
2015-02-24 19:04:42 ,39,85
2015-02-24 19:04:43 ,39,85
2015-02-24 19:04:53 ,39,85
2015-02-24 19:04:55 ,39,85
2015-02-24 19:05:05 ,39,85
2015-02-24 19:06:36 ,39,85
2015-02-24 19:06:46 ,39,85
2015-02-24 19:08:15 ,39,85
2015-02-24 19:08:25 ,39,85
2015-02-24 19:09:55 ,39,85
2015-02-24 19:10:05 ,39,85
2015-02-24 19:11:35 ,39,85
2015-02-24 19:11:45 ,39,85
2015-02-24 19:13:15 ,39,85
2015-02-24 19:13:25 ,39,85
2015-02-24 19:14:55 ,39,85
2015-02-24 19:15:05 ,39,85
2015-02-24 19:16:35 ,39,85
2015-02-24 19:16:45 ,39,85
2015-02-24 19:18:15 ,39,85
2015-02-24 19:18:25 ,39,85
2015-02-24 19:19:56 ,39,85
2015-02-24 19:20:06 ,39,85
2015-02-24 19:21:35 ,39,85
2015-02-24 19:21:45 ,39,85
2015-02-24 19:23:14 ,39,85
2015-02-24 19:23:24 ,39,85
2015-02-24 19:23:24 ,39,85
2015-02-24 19:23:34 ,39,85
2015-02-24 19:23:36 ,39,85
2015-02-24 19:23:46 ,39,85
2015-02-24 19:23:46 ,39,85
2015-02-24 19:23:56 ,39,85
2015-02-24 19:23:56 ,48,85
2015-02-24 19:24:06 ,48,85
2015-02-24 19:24:08 ,48,85
2015-02-24 19:24:18 ,48,85
2015-02-24 19:24:19 ,48,85
2015-02-24 19:24:29 ,48,85
2015-02-24 19:24:31 ,48,85
2015-02-24 19:24:41 ,48,85
2015-02-24 19:24:43 ,48,85
2015-02-24 19:24:53 ,48,85
2015-02-24 19:24:54 ,48,85
2015-02-24 19:25:04 ,48,85
2015-02-24 19:25:05 ,48,85
2015-02-24 19:25:15 ,48,85
2015-02-24 19:25:17 ,48,85
2015-02-24 19:25:27 ,48,85
2015-02-24 19:25:27 ,48,85
2015-02-24 19:25:37 ,48,85
2015-02-24 19:25:39 ,48,85
2015-02-24 19:25:49 ,48,85
2015-02-24 19:25:52 ,48,85
2015-02-24 19:26:02 ,48,85
2015-02-24 19:26:02 ,48,85
2015-02-24 19:26:12 ,48,85
2015-02-24 19:26:13 ,48,85
2015-02-24 19:26:23 ,48,85
2015-02-24 19:26:23 ,48,85
2015-02-24 19:26:33 ,48,85
2015-02-24 19:26:35 ,48,85
2015-02-24 19:26:45 ,48,85
2015-02-24 19:26:47 ,48,85
2015-02-24 19:26:57 ,48,85
2015-02-24 19:27:00 ,48,85
2015-02-24 19:27:10 ,48,85
2015-02-24 19:27:12 ,48,85
2015-02-24 19:27:22 ,48,85
2015-02-24 19:27:23 ,48,85
2015-02-24 19:27:33 ,48,85
2015-02-24 19:27:35 ,48,85
2015-02-24 19:27:45 ,48,85
2015-02-24 19:27:45 ,48,85
2015-02-24 19:27:55 ,48,85
2015-02-24 19:27:57 ,48,85
2015-02-24 19:28:07 ,48,85
2015-02-24 19:28:07 ,48,85
2015-02-24 19:28:17 ,48,85
2015-02-24 19:28:19 ,48,85
2015-02-24 19:28:29 ,48,85
2015-02-24 19:28:31 ,48,85
2015-02-24 19:28:41 ,48,85
2015-02-24 19:28:41 ,37,85
2015-02-24 19:28:51 ,37,85
2015-02-24 19:28:51 ,25,85
2015-02-24 19:29:01 ,25,85
2015-02-24 19:29:03 ,25,85
2015-02-24 19:29:13 ,25,85
2015-02-24 19:29:15 ,25,85
2015-02-24 19:29:25 ,25,85
2015-02-24 19:29:27 ,25,85
2015-02-24 19:29:37 ,25,85
2015-02-24 19:29:38 ,25,85
2015-02-24 19:29:48 ,25,85
2015-02-24 19:29:50 ,25,85
2015-02-24 19:30:00 ,25,85
2015-02-24 19:30:00 ,25,85
2015-02-24 19:30:10 ,25,85
2015-02-24 19:30:12 ,25,85
2015-02-24 19:30:22 ,25,85
2015-02-24 19:30:24 ,25,85
2015-02-24 19:30:34 ,25,85
2015-02-24 19:30:34 ,25,85
2015-02-24 19:30:44 ,25,85
2015-02-24 19:30:46 ,25,85
2015-02-24 19:30:56 ,25,85
2015-02-24 19:30:56 ,25,85
2015-02-24 19:31:06 ,25,85
2015-02-24 19:31:08 ,25,85
2015-02-24 19:31:18 ,25,85
2015-02-24 19:31:20 ,25,85
2015-02-24 19:31:30 ,25,85
2015-02-24 19:31:31 ,25,85
2015-02-24 19:31:41 ,25,85
2015-02-24 19:31:43 ,25,85
2015-02-24 19:31:53 ,25,85
2015-02-24 19:31:55 ,25,85
2015-02-24 19:32:05 ,25,85
2015-02-24 19:32:07 ,25,85
2015-02-24 19:32:17 ,25,85
2015-02-24 19:32:19 ,25,85
2015-02-24 19:32:29 ,25,85
2015-02-24 19:32:31 ,25,85
2015-02-24 19:32:41 ,25,85
2015-02-24 19:32:43 ,25,85
2015-02-24 19:32:53 ,25,85
2015-02-24 19:32:55 ,25,85
2015-02-24 19:33:05 ,25,85
2015-02-24 19:33:07 ,25,85
2015-02-24 19:33:17 ,25,85
2015-02-24 19:33:19 ,25,85
2015-02-24 19:33:29 ,25,85
2015-02-24 19:33:31 ,25,85
2015-02-24 19:33:41 ,25,85
2015-02-24 19:33:41 ,25,85
2015-02-24 19:33:51 ,25,85
2015-02-24 19:33:51 ,25,85
2015-02-24 19:34:01 ,25,85
2015-02-24 19:34:02 ,25,85
2015-02-24 19:34:12 ,25,85
2015-02-24 19:34:14 ,25,85
2015-02-24 19:34:24 ,25,85
2015-02-24 19:34:24 ,25,85
2015-02-24 19:34:34 ,25,85
2015-02-24 19:36:05 ,25,85
2015-02-24 19:36:16 ,25,85
2015-02-24 19:37:44 ,25,85
2015-02-24 19:37:54 ,25,85
2015-02-24 19:39:25 ,25,85
2015-02-24 19:39:35 ,25,85
2015-02-24 19:41:05 ,25,85
2015-02-24 19:41:15 ,25,85
2015-02-24 19:42:45 ,25,85
2015-02-24 19:42:55 ,25,85
2015-02-24 19:44:25 ,25,85
2015-02-24 19:44:35 ,25,85
2015-02-24 19:46:05 ,25,85
2015-02-24 19:46:15 ,25,85
2015-02-24 19:47:44 ,25,85
2015-02-24 19:47:54 ,25,85
2015-02-24 19:49:25 ,25,85
2015-02-24 19:49:35 ,25,85
2015-02-24 19:51:06 ,25,85
2015-02-24 19:51:16 ,25,85
2015-02-24 19:52:45 ,25,85
2015-02-24 19:52:56 ,25,85
2015-02-24 19:54:26 ,25,85
2015-02-24 19:54:36 ,25,85
2015-02-24 19:56:06 ,25,85
2015-02-24 19:56:16 ,25,85
2015-02-24 19:57:44 ,25,85
2015-02-24 19:57:54 ,25,85
2015-02-24 19:59:25 ,25,85
2015-02-24 19:59:35 ,25,85
2015-02-24 20:01:05 ,25,85
2015-02-24 20:01:15 ,25,85
2015-02-24 20:02:45 ,25,85
2015-02-24 20:02:55 ,25,85
2015-02-24 20:04:24 ,25,85
2015-02-24 20:04:34 ,25,85
2015-02-24 20:06:04 ,25,85
2015-02-24 20:06:14 ,25,85
2015-02-24 20:07:46 ,25,85
2015-02-24 20:07:56 ,25,85
2015-02-24 20:09:25 ,25,85
2015-02-24 20:09:35 ,25,85
2015-02-24 20:11:04 ,25,85
2015-02-24 20:11:14 ,25,85
2015-02-24 20:12:44 ,25,85
2015-02-24 20:12:54 ,25,85
2015-02-24 20:14:25 ,25,85
2015-02-24 20:14:35 ,25,85
2015-02-24 20:16:04 ,25,85
2015-02-24 20:16:14 ,25,85
2015-02-24 20:17:45 ,25,85
2015-02-24 20:17:55 ,25,85
2015-02-24 20:19:25 ,25,85
2015-02-24 20:19:35 ,25,85
2015-02-24 20:21:10 ,25,85
2015-02-24 20:21:20 ,25,85
2015-02-24 20:22:50 ,25,85
2015-02-24 20:23:00 ,25,85
2015-02-24 20:24:31 ,25,85
2015-02-24 20:24:41 ,25,85
2015-02-24 20:26:05 ,25,85
2015-02-24 20:26:15 ,25,85
2015-02-24 20:27:45 ,25,85
2015-02-24 20:27:55 ,25,85
2015-02-24 20:29:25 ,25,85
2015-02-24 20:29:35 ,25,85
2015-02-24 20:31:05 ,25,85
2015-02-24 20:31:15 ,25,85
2015-02-24 20:32:45 ,25,85
2015-02-24 20:32:55 ,25,85
2015-02-24 20:34:25 ,25,85
2015-02-24 20:34:35 ,25,85
2015-02-24 20:36:12 ,25,85
2015-02-24 20:36:22 ,25,85
2015-02-24 20:37:45 ,25,85
2015-02-24 20:37:55 ,25,85
2015-02-24 20:39:26 ,25,85
2015-02-24 20:39:36 ,25,85
2015-02-24 20:41:05 ,25,85
2015-02-24 20:41:15 ,25,85
2015-02-24 20:42:44 ,25,85
2015-02-24 20:42:54 ,25,85
2015-02-24 20:44:24 ,25,85
2015-02-24 20:44:34 ,25,85
2015-02-24 20:46:05 ,25,85
2015-02-24 20:46:15 ,25,85
2015-02-24 20:47:45 ,25,85
2015-02-24 20:47:55 ,25,85
2015-02-24 20:49:26 ,25,85
2015-02-24 20:49:36 ,25,85
2015-02-24 20:51:06 ,25,85
2015-02-24 20:51:16 ,25,85
2015-02-24 20:52:44 ,25,85
2015-02-24 20:52:54 ,25,85
2015-02-24 20:54:25 ,25,85
2015-02-24 20:54:35 ,25,85
2015-02-24 20:56:05 ,25,85
2015-02-24 20:56:15 ,25,85
2015-02-24 20:57:51 ,25,85
2015-02-24 20:58:01 ,25,85
2015-02-24 20:59:24 ,25,85
2015-02-24 20:59:34 ,25,85
2015-02-24 21:01:05 ,25,85
2015-02-24 21:01:15 ,25,85
2015-02-24 21:02:45 ,25,85
2015-02-24 21:02:55 ,25,85
2015-02-24 21:04:26 ,25,85
2015-02-24 21:04:36 ,25,85
2015-02-24 21:06:05 ,25,85
2015-02-24 21:06:15 ,25,85
2015-02-24 21:07:45 ,25,85
2015-02-24 21:07:55 ,25,85
2015-02-24 21:09:25 ,25,85
2015-02-24 21:09:35 ,25,85
2015-02-24 21:11:05 ,25,85
2015-02-24 21:11:15 ,25,85
2015-02-24 21:12:45 ,25,85
2015-02-24 21:12:55 ,25,85
2015-02-24 21:14:24 ,25,85
2015-02-24 21:14:34 ,25,85
2015-02-24 21:16:06 ,25,85
2015-02-24 21:16:16 ,25,85
2015-02-24 21:17:46 ,25,85
2015-02-24 21:17:56 ,25,85
2015-02-24 21:19:24 ,25,85
2015-02-24 21:19:34 ,25,85
2015-02-24 21:21:05 ,25,85
2015-02-24 21:21:15 ,25,85
2015-02-24 21:22:45 ,25,85
2015-02-24 21:22:55 ,25,85
2015-02-24 21:24:25 ,25,85
2015-02-24 21:24:35 ,25,85
2015-02-24 21:26:05 ,25,85
2015-02-24 21:26:15 ,25,85
2015-02-24 21:27:44 ,25,85
2015-02-24 21:27:54 ,25,85
2015-02-24 21:29:26 ,25,85
2015-02-24 21:29:36 ,25,85
2015-02-24 21:31:05 ,25,85
2015-02-24 21:31:15 ,25,85
2015-02-24 21:32:46 ,25,85
2015-02-24 21:32:56 ,25,85
2015-02-24 21:34:24 ,25,85
2015-02-24 21:34:34 ,25,85
2015-02-24 21:36:05 ,25,85
2015-02-24 21:36:15 ,25,85
2015-02-24 21:37:45 ,25,85
2015-02-24 21:37:55 ,25,85
2015-02-24 21:39:25 ,25,85
2015-02-24 21:39:35 ,25,85
2015-02-24 21:41:08 ,25,85
2015-02-24 21:41:18 ,25,85
2015-02-24 21:42:45 ,25,85
2015-02-24 21:42:55 ,25,85
2015-02-24 21:44:24 ,25,85
2015-02-24 21:44:34 ,25,85
2015-02-24 21:46:05 ,25,85
2015-02-24 21:46:15 ,25,85
2015-02-24 21:47:44 ,25,85
2015-02-24 21:47:54 ,25,85
2015-02-24 21:49:24 ,25,85
2015-02-24 21:49:34 ,25,85
2015-02-24 21:51:05 ,25,85
2015-02-24 21:51:15 ,25,85
2015-02-24 21:52:44 ,25,85
2015-02-24 21:52:54 ,25,85
2015-02-24 21:54:25 ,25,85
2015-02-24 21:54:35 ,25,85
2015-02-24 21:56:06 ,25,85
2015-02-24 21:56:16 ,25,85
2015-02-24 21:57:44 ,25,85
2015-02-24 21:57:54 ,25,85
2015-02-24 21:59:31 ,25,85
2015-02-24 21:59:41 ,25,85
2015-02-24 22:01:10 ,25,85
2015-02-24 22:01:20 ,25,85
2015-02-24 22:02:45 ,25,85
2015-02-24 22:02:55 ,25,85
2015-02-24 22:04:24 ,25,85
2015-02-24 22:04:34 ,25,85
2015-02-24 22:06:05 ,25,85
2015-02-24 22:06:15 ,25,85
2015-02-24 22:07:45 ,25,85
2015-02-24 22:07:55 ,25,85
2015-02-24 22:09:24 ,25,85
2015-02-24 22:09:34 ,25,85
2015-02-24 22:11:06 ,25,85
2015-02-24 22:11:16 ,25,85
2015-02-24 22:12:45 ,25,85
2015-02-24 22:12:55 ,25,85
2015-02-24 22:14:30 ,25,85
2015-02-24 22:14:40 ,25,85
2015-02-24 22:16:05 ,25,85
2015-02-24 22:16:15 ,25,85
2015-02-24 22:17:45 ,25,85
2015-02-24 22:17:55 ,25,85
2015-02-24 22:19:24 ,25,85
2015-02-24 22:19:34 ,25,85
2015-02-24 22:21:04 ,25,85
2015-02-24 22:21:14 ,25,85
2015-02-24 22:22:44 ,25,85
2015-02-24 22:22:54 ,25,85
2015-02-24 22:24:25 ,25,85
2015-02-24 22:24:35 ,25,85
2015-02-24 22:26:05 ,25,85
2015-02-24 22:26:15 ,25,85
2015-02-24 22:27:44 ,25,85
2015-02-24 22:27:54 ,25,85
2015-02-24 22:29:25 ,25,85
2015-02-24 22:29:35 ,25,85
2015-02-24 22:31:05 ,25,85
2015-02-24 22:31:15 ,25,85
2015-02-24 22:32:45 ,25,85
2015-02-24 22:32:55 ,25,85
2015-02-24 22:34:24 ,25,85
2015-02-24 22:34:34 ,25,85
2015-02-24 22:36:06 ,25,85
2015-02-24 22:36:16 ,25,85
2015-02-24 22:37:45 ,25,85
2015-02-24 22:37:55 ,25,85
2015-02-24 22:39:25 ,25,85
2015-02-24 22:39:35 ,25,85
2015-02-24 22:41:04 ,25,85
2015-02-24 22:41:14 ,25,85
2015-02-24 22:42:45 ,25,85
2015-02-24 22:42:55 ,25,85
2015-02-24 22:44:25 ,25,85
2015-02-24 22:44:35 ,25,85
2015-02-24 22:46:05 ,25,85
2015-02-24 22:46:15 ,25,85
2015-02-24 22:47:44 ,25,85
2015-02-24 22:47:54 ,25,85
2015-03-05 17:14:47 ,17,85
2015-03-05 17:14:57 ,17,85
2015-03-05 17:14:58 ,17,85
2015-03-05 17:15:08 ,17,85
2015-03-05 17:15:10 ,17,85
2015-03-05 17:15:20 ,17,85
2015-03-05 17:15:20 ,17,85
2015-03-05 17:15:30 ,17,85
2015-03-05 17:15:32 ,17,85
2015-03-05 17:15:42 ,17,85
2015-03-05 17:15:44 ,17,85
2015-03-05 17:15:54 ,17,85
2015-03-05 17:15:56 ,17,85
2015-03-05 17:16:06 ,17,85
2015-03-05 17:16:06 ,17,85
2015-03-05 17:16:16 ,17,85
2015-03-05 17:16:16 ,17,85
2015-03-05 17:16:26 ,17,85
2015-03-05 17:16:28 ,17,85
2015-03-05 17:16:38 ,17,85
2015-03-05 17:16:39 ,17,85
2015-03-05 17:16:49 ,17,85
2015-03-05 17:16:50 ,17,85
2015-03-05 17:17:00 ,17,85
2015-03-05 17:17:02 ,17,85
2015-03-05 17:17:12 ,17,85
2015-03-05 17:17:12 ,17,85
2015-03-05 17:17:22 ,17,85
2015-03-05 17:17:24 ,17,85
2015-03-05 17:17:34 ,17,85
2015-03-05 17:17:36 ,17,85
2015-03-05 17:17:46 ,17,85
2015-03-05 17:17:48 ,17,85
2015-03-05 17:17:58 ,17,85
2015-03-05 17:17:58 ,17,85
2015-03-05 17:18:08 ,17,85
2015-03-05 17:18:10 ,17,85
2015-03-05 17:18:20 ,17,85
2015-03-05 17:18:20 ,17,85
2015-03-05 17:18:30 ,17,85
2015-03-05 17:18:32 ,17,85
2015-03-05 17:18:42 ,17,85
2015-03-05 17:18:42 ,17,85
2015-03-05 17:18:52 ,17,85
2015-03-05 17:18:54 ,17,85
2015-03-05 17:19:04 ,17,85
2015-03-05 17:19:06 ,17,85
2015-03-05 17:19:16 ,17,85
2015-03-05 17:19:16 ,17,85
2015-03-05 17:19:26 ,17,85
2015-03-05 17:19:28 ,17,85
2015-03-05 17:19:38 ,17,85
2015-03-05 17:19:38 ,17,85
2015-03-05 17:19:48 ,17,85
2015-03-05 17:19:50 ,17,85
2015-03-05 17:20:00 ,17,85
2015-03-05 17:21:25 ,17,85
2015-03-05 17:21:35 ,17,85
2015-03-05 17:23:04 ,17,85
2015-03-05 17:23:14 ,17,85
2015-03-05 17:24:44 ,17,85
2015-03-05 17:24:54 ,17,85
2015-03-05 17:26:24 ,17,85
2015-03-05 17:26:34 ,17,85
2015-03-05 17:28:04 ,17,85
2015-03-05 17:28:14 ,17,85
2015-03-05 17:29:44 ,17,85
2015-03-05 17:29:54 ,17,85
2015-03-05 17:31:24 ,17,85
2015-03-05 17:31:34 ,17,85
2015-03-05 17:33:04 ,17,85
2015-03-05 17:33:14 ,17,85
2015-03-05 17:34:44 ,17,85
2015-03-05 17:34:54 ,17,85
2015-03-05 17:36:24 ,17,85
2015-03-05 17:36:34 ,17,85
2015-03-05 17:38:04 ,17,85
2015-03-05 17:38:14 ,17,85
2015-03-05 17:39:44 ,17,85
2015-03-05 17:39:54 ,17,85
2015-03-05 17:41:24 ,17,85
2015-03-05 17:41:34 ,17,85
2015-03-05 17:43:04 ,17,85
2015-03-05 17:43:14 ,17,85
2015-03-05 17:44:46 ,17,85
2015-03-05 17:44:56 ,17,85
2015-03-05 17:46:24 ,17,85
2015-03-05 17:46:34 ,17,85
2015-03-05 17:48:04 ,17,85
2015-03-05 17:48:14 ,17,85
2015-03-05 17:49:44 ,17,85
2015-03-05 17:49:54 ,17,85
2015-03-05 17:51:24 ,17,85
2015-03-05 17:51:34 ,17,85
2015-03-05 17:53:04 ,17,85
2015-03-05 17:53:14 ,17,85
2015-03-05 17:54:44 ,17,85
2015-03-05 17:54:54 ,17,85
2015-03-05 17:56:24 ,17,85
2015-03-05 17:56:34 ,17,85
2015-03-05 17:58:04 ,17,85
2015-03-05 17:58:14 ,17,85
2015-03-05 17:59:44 ,17,85
2015-03-05 17:59:54 ,17,85
2015-03-05 18:01:24 ,17,85
2015-03-05 18:01:34 ,17,85
2015-03-05 18:03:04 ,17,85
2015-03-05 18:03:14 ,17,85
2015-03-05 18:04:44 ,17,85
2015-03-05 18:04:54 ,17,85
2015-03-05 18:06:24 ,17,85
2015-03-05 18:06:34 ,17,85
2015-03-05 18:08:04 ,17,85
2015-03-05 18:08:14 ,17,85
2015-03-05 18:09:44 ,17,85
2015-03-05 18:09:54 ,17,85
2015-03-05 18:11:24 ,17,85
2015-03-05 18:11:34 ,17,85
2015-03-05 18:13:04 ,17,85
2015-03-05 18:13:14 ,17,85
2015-03-05 18:14:44 ,17,85
2015-03-05 18:14:54 ,17,85
2015-03-05 18:16:24 ,17,85
2015-03-05 18:16:34 ,17,85
2015-03-05 18:18:04 ,17,85
2015-03-05 18:18:14 ,17,85
2015-03-05 18:19:44 ,17,85
2015-03-05 18:19:54 ,17,85
2015-03-05 18:21:24 ,17,85
2015-03-05 18:21:34 ,17,85
2015-03-05 18:23:04 ,17,85
2015-03-05 18:23:14 ,17,85
2015-03-05 18:24:44 ,17,85
2015-03-05 18:24:54 ,17,85
2015-03-05 18:26:24 ,17,85
2015-03-05 18:26:34 ,17,85
2015-03-05 18:28:04 ,17,85
2015-03-05 18:28:14 ,17,85
2015-03-05 18:29:44 ,17,85
2015-03-05 18:29:54 ,17,85
2015-03-05 18:31:24 ,17,85
2015-03-05 18:31:34 ,17,85
2015-03-05 18:33:04 ,17,85
2015-03-05 18:33:14 ,17,85
2015-03-05 18:34:44 ,17,85
2015-03-05 18:34:54 ,17,85
2015-03-05 18:36:24 ,17,85
2015-03-05 18:36:34 ,17,85
2015-03-05 18:38:04 ,17,85
2015-03-05 18:38:14 ,17,85
2015-03-05 18:39:44 ,17,85
2015-03-05 18:39:54 ,17,85
2015-03-05 18:41:24 ,17,85
2015-03-05 18:41:34 ,17,85
2015-03-05 18:43:04 ,17,85
2015-03-05 18:43:14 ,17,85
2015-03-05 18:44:44 ,17,85
2015-03-05 18:44:54 ,17,85
2015-03-05 18:46:24 ,17,85
2015-03-05 18:46:34 ,17,85
2015-03-05 18:48:04 ,17,85
2015-03-05 18:48:14 ,17,85
2015-03-05 18:49:44 ,17,85
2015-03-05 18:49:54 ,17,85
2015-03-05 18:51:24 ,17,85
2015-03-05 18:51:34 ,17,85
2015-03-05 18:53:04 ,17,85
2015-03-05 18:53:14 ,17,85
2015-03-05 18:54:45 ,17,85
2015-03-05 18:54:55 ,17,85
2015-03-05 18:56:24 ,17,85
2015-03-05 18:56:34 ,17,85
2015-03-05 18:58:04 ,17,85
2015-03-05 18:58:14 ,17,85
2015-03-05 18:59:44 ,17,85
2015-03-05 18:59:54 ,17,85
2015-03-05 19:01:24 ,17,85
2015-03-05 19:01:34 ,17,85
2015-03-05 19:03:04 ,17,85
2015-03-05 19:03:14 ,17,85
2015-03-05 19:04:44 ,17,85
2015-03-05 19:04:54 ,17,85
2015-03-05 19:06:24 ,17,85
2015-03-05 19:06:34 ,17,85
2015-03-05 19:08:04 ,17,85
2015-03-05 19:08:14 ,17,85
2015-03-05 19:09:44 ,17,85
2015-03-05 19:09:54 ,17,85
2015-03-05 19:11:24 ,17,85
2015-03-05 19:11:34 ,17,85
2015-03-05 19:13:04 ,17,85
2015-03-05 19:13:14 ,17,85
2015-03-05 19:14:44 ,17,85
2015-03-05 19:14:54 ,17,85
2015-03-05 19:16:24 ,17,85
2015-03-05 19:16:34 ,17,85
2015-03-05 19:18:04 ,17,85
2015-03-05 19:18:14 ,17,85
2015-03-05 19:19:44 ,17,85
2015-03-05 19:19:54 ,17,85
2015-03-05 19:21:24 ,17,85
2015-03-05 19:21:34 ,17,85
2015-03-05 19:23:04 ,17,85
2015-03-05 19:23:14 ,17,85
2015-03-05 19:24:44 ,17,85
2015-03-05 19:24:54 ,17,85
2015-03-05 19:26:24 ,17,85
2015-03-05 19:26:34 ,17,85
2015-03-05 19:28:04 ,17,85
2015-03-05 19:28:14 ,17,85
2015-03-05 19:29:44 ,17,85
2015-03-05 19:29:54 ,17,85
2015-03-05 19:31:24 ,17,85
2015-03-05 19:31:34 ,17,85
2015-03-05 19:33:04 ,17,85
2015-03-05 19:33:14 ,17,85
2015-03-05 19:34:44 ,17,85
2015-03-05 19:34:54 ,17,85
2015-03-05 19:36:24 ,17,85
2015-03-05 19:36:34 ,17,85
2015-03-05 19:38:04 ,17,85
2015-03-05 19:38:14 ,17,85
2015-03-05 19:39:44 ,17,85
2015-03-05 19:39:54 ,17,85
2015-03-05 19:41:24 ,17,85
2015-03-05 19:41:34 ,17,85
2015-03-05 19:43:04 ,17,85
2015-03-05 19:43:14 ,17,85
2015-03-05 19:44:44 ,17,85
2015-03-05 19:44:54 ,17,85
2015-03-05 19:46:24 ,17,85
2015-03-05 19:46:34 ,17,85
2015-03-05 19:48:04 ,17,85
2015-03-05 19:48:14 ,17,85
2015-03-05 19:49:44 ,17,85
2015-03-05 19:49:54 ,17,85
2015-03-05 19:51:24 ,17,85
2015-03-05 19:51:34 ,17,85
2015-03-05 19:53:04 ,17,85
2015-03-05 19:53:14 ,17,85
2015-03-05 19:54:44 ,17,85
2015-03-05 19:54:54 ,17,85
2015-03-05 19:56:24 ,17,85
2015-03-05 19:56:34 ,17,85
2015-03-05 19:58:04 ,17,85
2015-03-05 19:58:14 ,17,85
2015-03-05 19:59:44 ,17,85
2015-03-05 19:59:54 ,17,85
2015-03-05 20:01:24 ,17,85
2015-03-05 20:01:34 ,17,85
2015-03-05 20:03:04 ,17,85
2015-03-05 20:03:14 ,17,85
2015-03-05 20:04:44 ,17,85
2015-03-05 20:04:54 ,17,85
2015-03-05 20:06:24 ,17,85
2015-03-05 20:06:34 ,17,85
2015-03-05 20:08:04 ,17,85
2015-03-05 20:08:14 ,17,85
2015-03-05 20:09:44 ,17,85
2015-03-05 20:09:54 ,17,85
2015-03-05 20:11:24 ,17,85
2015-03-05 20:11:34 ,17,85
2015-03-05 20:13:04 ,17,85
2015-03-05 20:13:14 ,17,85
2015-03-05 20:14:44 ,17,85
2015-03-05 20:14:54 ,17,85
2015-03-05 20:16:24 ,17,85
2015-03-05 20:16:34 ,17,85
2015-03-05 20:18:04 ,17,85
2015-03-05 20:18:14 ,17,85
2015-03-05 20:19:44 ,17,85
2015-03-05 20:19:54 ,17,85
2015-03-05 20:21:25 ,17,85
2015-03-05 20:21:35 ,17,85
2015-03-05 20:23:04 ,17,85
2015-03-05 20:23:14 ,17,85
2015-03-05 20:24:44 ,17,85
2015-03-05 20:24:54 ,17,85
2015-03-05 20:26:24 ,17,85
2015-03-05 20:26:34 ,17,85
2015-03-05 20:28:04 ,17,85
2015-03-05 20:28:14 ,17,85
2015-03-05 20:29:44 ,17,85
2015-03-05 20:29:54 ,17,85
2015-03-05 20:31:24 ,17,85
2015-03-05 20:31:34 ,17,85
2015-03-05 20:33:04 ,17,85
2015-03-05 20:33:14 ,17,85
2015-03-05 20:34:44 ,17,85
2015-03-05 20:34:54 ,17,85
2015-03-05 20:36:24 ,17,85
2015-03-05 20:36:34 ,17,85
2015-03-05 20:38:04 ,17,85
2015-03-05 20:38:14 ,17,85
2015-03-05 20:39:44 ,17,85
2015-03-05 20:39:54 ,17,85
2015-03-05 20:41:24 ,17,85
2015-03-05 20:41:34 ,17,85
2015-03-05 20:43:04 ,17,85
2015-03-05 20:43:14 ,17,85
2015-03-05 20:44:44 ,17,85
2015-03-05 20:44:54 ,17,85
2015-03-05 20:46:24 ,17,85
2015-03-05 20:46:34 ,17,85
2015-03-05 20:48:04 ,17,85
2015-03-05 20:48:14 ,17,85
2015-03-05 20:49:44 ,17,85
2015-03-05 20:49:54 ,17,85
2015-03-05 20:51:24 ,17,85
2015-03-05 20:51:34 ,17,85
2015-03-05 20:53:04 ,17,85
2015-03-05 20:53:14 ,17,85
2015-03-05 20:54:44 ,17,85
2015-03-05 20:54:54 ,17,85
2015-03-05 20:56:24 ,17,85
2015-03-05 20:56:34 ,17,85
2015-03-05 20:58:04 ,17,85
2015-03-05 20:58:14 ,17,85
2015-03-05 20:59:44 ,17,85
2015-03-05 20:59:54 ,17,85
2015-03-05 21:01:24 ,17,85
2015-03-05 21:01:34 ,17,85
2015-03-05 21:03:04 ,17,85
2015-03-05 21:03:14 ,17,85
2015-03-05 21:04:44 ,17,85
2015-03-05 21:04:54 ,17,85
2015-03-05 21:06:24 ,17,85
2015-03-05 21:06:34 ,17,85
2015-03-05 21:08:04 ,17,85
2015-03-05 21:08:14 ,17,85
2015-03-05 21:09:44 ,17,85
2015-03-05 21:09:54 ,17,85
2015-03-05 21:11:24 ,17,85
2015-03-05 21:11:34 ,17,85
2015-03-05 21:13:04 ,17,85
2015-03-05 21:13:14 ,17,85
2015-03-05 21:14:44 ,17,85
2015-03-05 21:14:54 ,17,85
2015-03-05 21:16:24 ,17,85
2015-03-05 21:16:34 ,17,85
2015-03-05 21:18:04 ,17,85
2015-03-05 21:18:14 ,17,85
2015-03-05 21:19:44 ,17,85
2015-03-05 21:19:54 ,17,85
2015-03-05 21:21:24 ,17,85
2015-03-05 21:21:34 ,17,85
2015-03-05 21:23:04 ,17,85
2015-03-05 21:23:14 ,17,85
2015-03-05 21:24:44 ,17,85
2015-03-05 21:24:54 ,17,85
2015-03-05 21:26:25 ,17,85
2015-03-05 21:26:35 ,17,85
2015-03-05 21:28:04 ,17,85
2015-03-05 21:28:14 ,17,85
2015-03-05 21:29:44 ,17,85
2015-03-05 21:29:54 ,17,85
2015-03-05 21:31:24 ,17,85
2015-03-05 21:31:34 ,17,85
2015-03-05 21:33:04 ,17,85
2015-03-05 21:33:14 ,17,85
2015-03-05 21:34:44 ,17,85
2015-03-05 21:34:54 ,17,85
2015-03-05 21:36:24 ,17,85
2015-03-05 21:36:34 ,17,85
2015-03-05 21:38:04 ,17,85
2015-03-05 21:38:14 ,17,85
2015-03-05 21:39:44 ,17,85
2015-03-05 21:39:54 ,17,85
2015-03-05 21:41:24 ,17,85
2015-03-05 21:41:34 ,17,85
2015-03-05 21:43:05 ,17,85
2015-03-05 21:43:15 ,17,85
2015-03-05 21:44:44 ,17,85
2015-03-05 21:44:54 ,17,85
2015-03-05 21:46:24 ,17,85
2015-03-05 21:46:34 ,17,85
2015-03-05 21:48:05 ,17,85
2015-03-05 21:48:15 ,17,85
2015-03-05 21:49:44 ,17,85
2015-03-05 21:49:54 ,17,85
2015-03-05 21:51:24 ,17,85
2015-03-05 21:51:34 ,17,85
2015-03-05 21:53:04 ,17,85
2015-03-05 21:53:14 ,17,85
2015-03-05 21:54:44 ,17,85
2015-03-05 21:54:54 ,17,85
2015-03-05 21:56:24 ,17,85
2015-03-05 21:56:34 ,17,85
2015-03-05 21:58:04 ,17,85
2015-03-05 21:58:14 ,17,85
2015-03-05 21:59:44 ,17,85
2015-03-05 21:59:54 ,17,85
2015-03-05 22:01:24 ,17,85
2015-03-05 22:01:34 ,17,85
2015-03-05 22:03:04 ,17,85
2015-03-05 22:03:14 ,17,85
2015-03-05 22:04:45 ,17,85
2015-03-05 22:04:55 ,17,85
2015-03-05 22:06:24 ,17,85
2015-03-05 22:06:34 ,17,85
2015-03-05 22:08:04 ,17,85
2015-03-05 22:08:14 ,17,85
2015-03-05 22:09:44 ,17,85
2015-03-05 22:09:54 ,17,85
2015-03-05 22:11:24 ,17,85
2015-03-05 22:11:34 ,17,85
2015-03-05 22:13:04 ,17,85
2015-03-05 22:13:14 ,17,85
2015-03-05 22:14:44 ,17,85
2015-03-05 22:14:54 ,17,85
2015-03-05 22:16:24 ,17,85
2015-03-05 22:16:34 ,17,85
2015-03-05 22:18:04 ,17,85
2015-03-05 22:18:14 ,17,85
2015-03-05 22:19:44 ,17,85
2015-03-05 22:19:54 ,17,85
2015-03-05 22:21:24 ,17,85
2015-03-05 22:21:34 ,17,85
2015-03-05 22:23:04 ,17,85
2015-03-05 22:23:14 ,17,85
2015-03-05 22:24:44 ,17,85
2015-03-05 22:24:54 ,17,85
2015-03-05 22:26:24 ,17,85
2015-03-05 22:26:34 ,17,85
2015-03-05 22:28:04 ,17,85
2015-03-05 22:28:14 ,17,85
2015-03-05 22:29:44 ,17,85
2015-03-05 22:29:54 ,17,85
2015-03-05 22:31:24 ,17,85
2015-03-05 22:31:34 ,17,85
2015-03-05 22:33:04 ,17,85
2015-03-05 22:33:14 ,17,85
2015-03-05 22:34:44 ,17,85
